[{  "id": "sitetype",
	"label": "Manually Select Audible Site (if unchecked, library language is used to determine the best site)",
	"type": "bool",
	"default": "true"
},{
    "id"      : "site",
    "label"   : "Select Audible site to use: ",
    "type"    : "enum",
    "values"  : [
		"www.audible.com",
		"www.audible.ca",
		"www.audible.co.uk",
		"www.audible.com.au",
		"www.audible.de",
		"www.audible.fr",
		"www.audible.it"
	],
    "default" : "www.audible.com"
},{
	"id": "cover_options",
	"label": "How to handle artwork from Audible: ",
	"type": "enum",
	"values": [
		"Use Audible cover",
		"Download cover but don't overwrite existing",
		"Don't download cover"
	],
	"default": "Use Audible cover"
},{
	"id": "no_overwrite_genre",
	"label": "Leave existing genres in place",
	"type": "bool",
	"default": "false"
},{
	"id": "copyyear",
	"label": "Use copyright year instead of datePublished",
	"type": "bool",
	"default": "false"
},{
	"id": "logging_level",
	"label": "Level of plugin logging: ",
	"type": "enum",
	"values": [
		"DEBUG",
		"INFO",
		"WARN",
		"ERROR"
	],
	"default": "WARN"
}]